error_count,error_request_url
1,/admin/
2,/admin-scripts.asp
19942,/api/api.php
129316,/api/Package/CheckFrameConfigUpdate
1,/attachment/logo/logo-default.png
242823,/bb_1973_1/1xhtml
1,/boaform/admin/formLogin
1,/board.cgi
608630,/chs/index.html
3,/config/getuser
1,/english/
1,/explicit_not_exist_path
2,/favicon.ico
543468,/forum.php
39943,/get_btwaf_captcha_base64
21000,/hit
30100,/images/club_profile_left.png
1137,/images/coin-655.png
92328,/images/gd.png
22700,/images/lets1.png
1,/images/ofbiz.ico
10190,/index
103651,/Index/index.html
1,/invoker/readonly
1,/jenkins/login
13098,/js/pc.js
11652,/large/0072Vf1pgy1foxkd6lx6jj31kw0w0wyb.jpg
1,/login
1,/login/img/product_logo.png
1,/manager/html
27729,/mobile/room/1002
1,/phpmyadmin/
1,/phpMyAdmin/
1,/query
1,/r/cms/www/red/img/prompt.jpg
1,/r/cms/www/red/style/swiper.min.js
1,/setup.cgi
873,/site/current_results
902,/site/miners
51275,/static/fonts/ws-ui-semibold.woff
79942,/static/fonts/ws-ui.woff
36600,/static/image/common/13.gif
2117,/static/images/wangwang.png
212821,/static/index/font/SourceHanSansCN-Bold.otf
70714,/static/index/js/jquery.js
13400,/static/layuiadmin/layui/font/iconfont.woff
27300,/static/layuiadmin/layui/lay/modules/jquery.js
108600,/static/picture/cogent.png
33882,/static/picture/voxility_logo.jpg
817,/stats
7036,/theme/malio/assets/css/style.css
1,/wcm/
27792,/web/api/share/count/5888830c227106232666869c4a85dedb
1094,/yaamp/ui/css/table.css
956,/yaamp/ui/js/jquery.tablesorter.widgets.js
129,/zb/zhbc018.jpg
